Workbook

Sheet 菜品数据
A1: 编号 | B1: 菜品名称 | C1: 餐次 | D1: 分类 | E1: 食材（原料） | F1: 菜谱步骤 | G1: 抖音链接 | H1: 食材清单
A2: 1 | B2: 家常豆腐 | C2: 正餐 | D2: 素菜 | E2: 老豆腐 | F2: 1.老豆腐切三角块 2.准备葱姜蒜末，小米辣，豆瓣酱，耗油，老抽一点点，生抽，盐，鸡精，糖，加水拌匀 3.准备水淀粉 4.热锅热油，油炸老豆腐三角块，至两面金黄 5.倒入调好得酱汁，小火煮三分钟入味 6.淋入水淀粉勾芡，翻炒即可出锅 | H2: 老豆腐1块、葱姜蒜适量、小米辣2个、豆瓣酱1勺、蚝油1勺、老抽少许、生抽1勺、盐适量、鸡精少许、糖少许、淀粉1勺
A3: 2 | B3: 酸奶巧克力雪糕 | C3: 甜品 | D3: 甜品 | E3: 德芙巧克力 | F3: 1.隔水融化巧克力 2.用手捏碎巧克力 3.撕开外包装，倒入液体酸奶 4.搅拌均匀，插入冰棒棍子 5.垂直放入杯子，放入冷冻冰箱 | H3: 德芙巧克力1条、酸奶1盒、冰棒棍若干
A4: 3 | B4: 抱蛋煎饺 | C4: 早餐 | D4: 主食 | E4: 速冻水饺 | F4: 1.倒入速冻饺子，淋上适量食用油，倒水 2.加锅盖，小火收干水份 3.倒入加盐得蛋液，小火煎至定型 4.撒上芝麻，撒上葱花 | H4: 速冻水饺1袋（约15个）、鸡蛋2个、食用油适量、盐少许、芝麻少许、葱花少许
A5: 4 | B5: 自制白糖盐味大饼 | C5: 早餐 | D5: 主食 | E5: 面粉 | H5: 面粉500克、白糖适量、盐适量、清水适量
A6: 5 | B6: 蒜末耗油蒸茄子 | C6: 正餐 | D6: 素菜 | E6: 线茄 | F6: 1.洗净线茄，中火上锅蒸10分钟 2.去除凉一会，用手撕成条 3.准备蒜末，葱末 4.碗内倒入耗油，生抽，纯净水调汁 5.起锅烧油，加入蒜末炒出香味，倒入调好的酱汁，料汁烧开后关火 6.酱汁淋上即可 | H6: 线茄2根、蒜末适量、葱末适量、蚝油1勺、生抽1勺、纯净水适量
A7: 6 | B7: 酸辣包菜丝 | C7: 正餐 | D7: 素菜 | E7: 包菜 | F7: 1.包菜切丝，放入盆里，加入盐，糖 2.10分钟后，腌出水分后，挤干白菜丝得水分 3.起锅烧油，放蒜片和干辣椒爆香 4.倒入白菜丝，放少许盐和一勺生抽调味 5.大火爆炒，出锅前放入一勺香醋，快速炒匀即可出锅 | H7: 包菜半个、盐适量、糖适量、蒜片适量、干辣椒3个、生抽1勺、香醋1勺
A8: 7 | B8: 蔬菜豆腐羹 | C8: 正餐 | D8: 汤 | E8: 青菜，嫩豆腐，番茄 | F8: 1.准备豆腐丁，蕃茄丁，鸡蛋液，水淀粉 2.锅内放入少许油，放入番茄丁，煸炒出汤汁 3.倒入适量清水，开锅后淋入鸡蛋液 4.倒入豆腐，金针菇，青菜 5.再次煮开以后加入盐，鸡精，胡椒粉调味 6.最后淋入少许水淀粉勾芡出锅 | H8: 嫩豆腐1块、番茄1个、青菜1把、金针菇1小把、鸡蛋1个、盐适量、鸡精少许、胡椒粉少许、水淀粉适量
A9: 8 | B9: 皮蛋瘦肉粥 | C9: 早餐 | D9: 主食 | E9: 皮蛋，瘦肉 | F9: 1.里脊肉切粒，加姜丝，盐，胡椒粉，料酒，淀粉，抓拌均匀腌制10分钟 2.洗净大米加两个松花蛋，捏碎后倒入适量清水，盖上盖子煮开后用勺子轻推，防止粘底 3.虚盖再煮半小时，再放入肉丁和香菇丁 4.再煮5分钟，调味加盐，鸡精，胡椒粉，最后撒上葱花即可 | H9: 大米1杯、皮蛋2个、瘦肉100克、姜丝适量、香菇2朵、盐适量、鸡精少许、胡椒粉少许、葱花少许
A10: 9 | B10: 肉末蒸蛋 | C10: 正餐 | D10: 荤菜 | E10: 瘦肉 | F10: 1.取四枚鸡蛋，打匀鸡蛋，加温水30度（蛋液得1.5倍） 2.加水打匀，将泡沫取出，蒙上一层保鲜膜。放入蒸锅，蒸10分钟 3.倒入适量的油，煸炒肉末，加入蒜末，姜末，小葱花 4.炒香以后，放入生抽，少许老抽，加一点水，一点白糖，点一点香油 5.出锅再放一点葱花，最后浇在鸡蛋液上。 | H10: 鸡蛋4个、肉末100克、温水适量、蒜末/姜末/葱花适量、生抽1勺、老抽少许、白糖少许、香油少许
A11: 10 | B11: 牛肉酱 | C11: 正餐 | D11: 酱料 | E11: 牛肉，姜末，蒜末，豆豉，花生粒，芝麻，食用油 | F11: 1.准备材料：1斤牛肉粒，1斤姜末，1斤蒜末，1斤豆豉半斤花生粒，半斤芝麻，2~3斤的油 2.2-3斤的生牛肉，用卤水卤制到1-2斤左右，取适量切成牛肉粒放一边备用 3.花生碎和白芝麻炒熟备用 4.锅中倒入2-3斤食用油，大火加热后放入牛肉粒煎炸至白雾消失 5.放入姜末蒜末各一斤，仅需大火翻炒至白雾消失 6.放入1斤豆豉，继续中火翻炒，5分钟以后加入花生粒，冰糖，卤水，花椒，盐，味精调味 7.小火不断搅拌20分钟左右，放入白芝麻即可，等待锅中牛肉酱冷却以后分装到玻璃瓶中 8.放入冰箱中储存待用 | H11: 生牛肉2-3斤、姜末1斤、蒜末1斤、豆豉1斤、花生粒半斤、白芝麻半斤、食用油2-3斤、冰糖适量、花椒适量、盐适量、味精少许、卤水适量
A12: 11 | B12: 糖醋里脊 | C12: 正餐 | D12: 荤菜 | E12: 里脊肉，雪碧 | F12: 1.肉切长条，料酒，胡椒粉，盐，鸡蛋搅拌均匀 2.每根肉条裹上一层淀粉 3.五层油温下入锅炸至金黄，捞出 4.起锅热油，加入番茄酱，白醋，糖，雪碧，水淀粉搅匀 5.下油炸好的里脊条，搅匀出锅即可 | H12: 里脊肉500克、鸡蛋1个、淀粉适量、番茄酱3勺、白醋1勺、白糖2勺、雪碧适量、料酒适量、胡椒粉少许、盐少许
A13: 12 | B13: 黄金早餐饼 | C13: 早餐 | D13: 主食 | E13: 鸡蛋，剩米饭，火腿肠 | F13: 1.3个鸡蛋搅散，倒入剩米饭，火腿肠粒 | H13: 鸡蛋3个、剩米饭1碗、火腿肠1根
A14: 13 | B14: 葱香油拌面 | C14: 早餐 | D14: 主食 | E14: 泡面 | F14: 1.大蒜切片 2.锅里放油加热炸一下蒜片 3.蒜片微微变焦黄以后，加入芝麻油降温，然后离火过滤出蒜片 4.蒜香油里面倒入生抽和老抽，挤入耗油，加入老干妈，搅拌均匀 5.煮泡面，煎一个荷包蛋，准备葱花 6.捞出泡面，抖干多余的水汽，让它变干爽 7.加入2到3勺调好的蒜香油 8.倒入炸过的蒜片，翻拌均匀，放入荷包蛋，葱花即可 | H14: 泡面1包、大蒜1头、芝麻油适量、生抽1勺、老抽1勺、蚝油1勺、老干妈1勺、鸡蛋1个、葱花适量
A15: 14 | B15: 糖醋土豆鸡蛋 | C15: 正餐 | D15: 素菜 | E15: 土豆，鸡蛋 | F15: 1.土豆切块 2.打几个鸡蛋上锅煎蛋，散蛋炒熟即可 3.剩下的油，煎土豆至两面金黄即可出锅 4.调一个糖醋汁 5.起锅热油，先下葱，蒜，小米辣，煸香以后放入土豆块和鸡蛋 6.炒匀以后倒入糖醋汁，撒上葱花即可 | H15: 土豆2个、鸡蛋3个、葱蒜小米辣适量、番茄酱3勺、醋2勺、生抽1勺、白糖2勺、淀粉1勺
A16: 15 | B16: 油蒜虾 | C16: 正餐 | D16: 荤菜 | E16: 虾 | F16: 1.开背取虾线 2.添加海盐，黑胡椒粉，红椒粉和色拉油腌制 3.蒜切皮，欧芹或者香菜切沫沫 4.下蒜片爆香，倒入虾仁，两面刚好煎熟即可 5.千万千万不要煎过头，关火用柠檬汁降温，撒上香菜末即可 | H16: 鲜虾300克、海盐适量、黑胡椒粉适量、红椒粉适量、色拉油适量、蒜1头、欧芹/香菜适量、柠檬半个
A17: 16 | B17: 酱黄瓜 | C17: 早餐 | D17: 素菜 | E17: 黄瓜 | F17: 准备：盐糖腌制黄瓜。1.1小时后，沥干水分，倒入蒜瓣，小米辣，酱油，醋，白糖，少许盐 2.热油炒制花椒和干辣椒 3.热花椒油淋到黄瓜上面 4.放入冰箱，第二天就可以吃了 | H17: 黄瓜2根、盐适量、糖适量、蒜瓣适量、小米辣3个、酱油2勺、醋1勺、白糖少许、花椒适量、干辣椒3个
... A26: 25 | B26: 烧烤花菜 | C26: 正餐 | D26: 素菜 | E26: 花菜 | F26: 1. 花菜焯水 2.放入空气炸锅，放酱油，蚝油，辣椒粉，油等混合均匀 3.空气炸锅180度15分钟即可 | H26: 花菜

Sheet 选菜记录
A1: 日期 | B1: 餐次 | C1: 菜品编号 | D1: 菜品名称
A2: 2026-08-30 | B2: 早餐 | C2: 15 | D2: 油蒜虾
A3: 2026-08-30 | B3: 早餐 | C3: 2 | D3: 酸奶巧克力雪糕
A4: 2026-08-30 | B4: 中餐 | C4: 1 | D4: 家常豆腐
A5: 2026-08-30 | B5: 中餐 | C5: 9 | D5: 肉末蒸蛋
A6: 2026-08-30 | B6: 晚餐 | C6: 9 | D6: 肉末蒸蛋
A7: 2026-08-30 | B7: 晚餐 | C7: 21 | D7: 清炒丝瓜
A8: 2026-08-31 | B8: 中餐 | C8: 5 | D8: 蒜末耗油蒸茄子
A9: 2026-08-31 | B9: 中餐 | C9: 17 | D9: 儿菜炒辣椒
A10: 2026-08-31 | B10: 晚餐 | C10: 5 | D10: 蒜末耗油蒸茄子

Sheet 统计报表
A1: 各餐次菜品数量 | D1: 各分类菜品数量 | G1: 菜品被选次数
A2: 餐次 | B2: 菜品数量 | D2: 分类 | E2: 菜品数量 | G2: 菜品名称 | H2: 被选次数
A3: 早餐 | B3: 8 | D3: 素菜 | E3: 9 | G3: 家常豆腐 | H3: =COUNTIF(选菜记录!$D:$D,G3)
A4: 正餐 | B4: 14 | D4: 主食 | E4: 6 | G4: 酸奶巧克力雪糕 | H4: =COUNTIF(选菜记录!$D:$D,G4)
A5: 甜品 | B5: 3 | D5: 荤菜 | E5: 4 | G5: 抱蛋煎饺 | H5: =COUNTIF(选菜记录!$D:$D,G5)
A6: 合计 | B6: 25 | D6: 甜品 | E6: 3 | G6: 自制白糖盐味大饼 | H6: =COUNTIF(选菜记录!$D:$D,G6)
D7: 汤 | E7: 2 | G7: 蒜末耗油蒸茄子 | H7: =COUNTIF(选菜记录!$D:$D,G7)
D8: 酱料 | E8: 1 | G8: 酸辣包菜丝 | H8: =COUNTIF(选菜记录!$D:$D,G8)
D9: 合计 | E9: 25 | G9: 蔬菜豆腐羹 | H9: =COUNTIF(选菜记录!$D:$D,G9)
G10: 皮蛋瘦肉粥 | H10: =COUNTIF(选菜记录!$D:$D,G10)
G11: 肉末蒸蛋 | H11: =COUNTIF(选菜记录!$D:$D,G11)
G12: 牛肉酱 | H12: =COUNTIF(选菜记录!$D:$D,G12)
G13: 糖醋里脊 | H13: =COUNTIF(选菜记录!$D:$D,G13)
G14: 黄金早餐饼 | H14: =COUNTIF(选菜记录!$D:$D,G14)
G15: 葱香油拌面 | H15: =COUNTIF(选菜记录!$D:$D,G15)
G16: 糖醋土豆鸡蛋 | H16: =COUNTIF(选菜记录!$D:$D,G16)
G17: 油蒜虾 | H17: =COUNTIF(选菜记录!$D:$D,G17)
G18: 酱黄瓜 | H18: =COUNTIF(选菜记录!$D:$D,G18)
G19: 儿菜炒辣椒 | H19: =COUNTIF(选菜记录!$D:$D,G19)
G20: 鸡蛋饼 | H20: =COUNTIF(选菜记录!$D:$D,G20)
G21: 油焖春笋/茭白 | H21: =COUNTIF(选菜记录!$D:$D,G21)
... G27: 烧烤花菜 | H27: =COUNTIF(选菜记录!$D:$D,G27)
